{"cameraMode":{"drawMode":0,"name":"Shaded","section":"Shading Mode"},"sceneLighting":true,"audioPlay":false,"sceneViewState":{"m_AlwaysRefresh":false,"showFog":true,"showSkybox":true,"showFlares":true,"showImageEffects":true,"showParticleSystems":true,"showVisualEffectGraphs":true,"m_FxEnabled":true},"in2DMode":false,"pivot":{"x":-24.216127395629884,"y":16.973026275634767,"z":-37.92597961425781},"rotation":{"x":-0.11203202605247498,"y":-0.09602289646863938,"z":0.011189982295036316,"w":-0.9891613721847534},"size":1.824751853942871,"orthographic":false}